{"synthetics/low_d": "{\n  \"bvh\": [\n    {\n      \"Rendering Time\": \"9151\"\n    },\n    {\n      \"Triangle Intersections\": \"221697450\"\n    },\n    {\n      \"AS Intersections\": \"3601263695\"\n    },\n    {\n      \"Total Intersections\": \"3822961145\"\n    },\n    {\n      \"Memory Consumption\": \"186332\"\n    }\n  ],\n  \"2plane\": [\n    {\n      \"Rendering Time\": \"8852\"\n    },\n    {\n      \"Triangle Intersections\": \"733210852\"\n    },\n    {\n      \"AS Intersections\": \"2273885932\"\n    },\n    {\n      \"Total Intersections\": \"3007096784\"\n    },\n    {\n      \"Memory Consumption\": \"4901560\"\n    }\n  ]\n}", "synthetics/low_c": "{\n  \"bvh\": [\n    {\n      \"Rendering Time\": \"8838\"\n    },\n    {\n      \"Triangle Intersections\": \"246359339\"\n    },\n    {\n      \"AS Intersections\": \"3183892895\"\n    },\n    {\n      \"Total Intersections\": \"3430252234\"\n    },\n    {\n      \"Memory Consumption\": \"185172\"\n    }\n  ],\n  \"2plane\": [\n    {\n      \"Rendering Time\": \"7880\"\n    },\n    {\n      \"Triangle Intersections\": \"875215906\"\n    },\n    {\n      \"AS Intersections\": \"1377821178\"\n    },\n    {\n      \"Total Intersections\": \"2253037084\"\n    },\n    {\n      \"Memory Consumption\": \"6032260\"\n    }\n  ]\n}", "synthetics/mid_d": "{\n  \"bvh\": [\n    {\n      \"Rendering Time\": \"14540\"\n    },\n    {\n      \"Triangle Intersections\": \"264115685\"\n    },\n    {\n      \"AS Intersections\": \"7269363634\"\n    },\n    {\n      \"Total Intersections\": \"7533479319\"\n    },\n    {\n      \"Memory Consumption\": \"1707116\"\n    }\n  ],\n  \"2plane\": [\n    {\n      \"Rendering Time\": \"16650\"\n    },\n    {\n      \"Triangle Intersections\": \"1616428055\"\n    },\n    {\n      \"AS Intersections\": \"5728427897\"\n    },\n    {\n      \"Total Intersections\": \"7344855952\"\n    },\n    {\n      \"Memory Consumption\": \"26811744\"\n    }\n  ]\n}", "synthetics/mid_c": "{\n  \"bvh\": [\n    {\n      \"Rendering Time\": \"9036\"\n    },\n    {\n      \"Triangle Intersections\": \"239533250\"\n    },\n    {\n      \"AS Intersections\": \"3377344388\"\n    },\n    {\n      \"Total Intersections\": \"3616877638\"\n    },\n    {\n      \"Memory Consumption\": \"1689252\"\n    }\n  ],\n  \"2plane\": [\n    {\n      \"Rendering Time\": \"8258\"\n    },\n    {\n      \"Triangle Intersections\": \"1109069594\"\n    },\n    {\n      \"AS Intersections\": \"1377580722\"\n    },\n    {\n      \"Total Intersections\": \"2486650316\"\n    },\n    {\n      \"Memory Consumption\": \"35235892\"\n    }\n  ]\n}", "synthetics/high_d": "{\n  \"bvh\": [\n    {\n      \"Rendering Time\": \"37373\"\n    },\n    {\n      \"Triangle Intersections\": \"603477209\"\n    },\n    {\n      \"AS Intersections\": \"20904629468\"\n    },\n    {\n      \"Total Intersections\": \"21508106677\"\n    },\n    {\n      \"Memory Consumption\": \"16428364\"\n    }\n  ],\n  \"2plane\": [\n    {\n      \"Rendering Time\": \"40618\"\n    },\n    {\n      \"Triangle Intersections\": \"4912640292\"\n    },\n    {\n      \"AS Intersections\": \"13053527672\"\n    },\n    {\n      \"Total Intersections\": \"17966167964\"\n    },\n    {\n      \"Memory Consumption\": \"226288720\"\n    }\n  ]\n}", "synthetics/high_c": "{\n  \"bvh\": [\n    {\n      \"Rendering Time\": \"8409\"\n    },\n    {\n      \"Triangle Intersections\": \"212555620\"\n    },\n    {\n      \"AS Intersections\": \"2858222702\"\n    },\n    {\n      \"Total Intersections\": \"3070778322\"\n    },\n    {\n      \"Memory Consumption\": \"16384052\"\n    }\n  ],\n  \"2plane\": [\n    {\n      \"Rendering Time\": \"7552\"\n    },\n    {\n      \"Triangle Intersections\": \"762920778\"\n    },\n    {\n      \"AS Intersections\": \"1217344352\"\n    },\n    {\n      \"Total Intersections\": \"1980265130\"\n    },\n    {\n      \"Memory Consumption\": \"253320024\"\n    }\n  ]\n}", "synthetics/very_high_d": "{\n  \"bvh\": [\n    {\n      \"Rendering Time\": \"51398\"\n    },\n    {\n      \"Triangle Intersections\": \"702696477\"\n    },\n    {\n      \"AS Intersections\": \"26170531822\"\n    },\n    {\n      \"Total Intersections\": \"26873228299\"\n    },\n    {\n      \"Memory Consumption\": \"166384300\"\n    }\n  ],\n  \"2plane\": [\n    {\n      \"Rendering Time\": \"65132\"\n    },\n    {\n      \"Triangle Intersections\": \"4876380996\"\n    },\n    {\n      \"AS Intersections\": \"16481305191\"\n    },\n    {\n      \"Total Intersections\": \"21357686187\"\n    },\n    {\n      \"Memory Consumption\": \"2624106540\"\n    }\n  ]\n}", "synthetics/very_high_c": "{\n  \"bvh\": [\n    {\n      \"Rendering Time\": \"8350\"\n    },\n    {\n      \"Triangle Intersections\": \"205655568\"\n    },\n    {\n      \"AS Intersections\": \"2731505245\"\n    },\n    {\n      \"Total Intersections\": \"2937160813\"\n    },\n    {\n      \"Memory Consumption\": \"166290108\"\n    }\n  ],\n  \"2plane\": [\n    {\n      \"Rendering Time\": \"7716\"\n    },\n    {\n      \"Triangle Intersections\": \"656004013\"\n    },\n    {\n      \"AS Intersections\": \"1243998419\"\n    },\n    {\n      \"Total Intersections\": \"1900002432\"\n    },\n    {\n      \"Memory Consumption\": \"2732859068\"\n    }\n  ]\n}"}
