{"synthetics/low_d": "{\n  \"subgrids\": [\n    {\n      \"Rendering Time\": \"9627\"\n    },\n    {\n      \"Triangle Intersections\": \"1202549221\"\n    },\n    {\n      \"AS Intersections\": \"2302989739\"\n    },\n    {\n      \"Total Intersections\": \"3505538960\"\n    },\n    {\n      \"Memory Consumption\": \"263400\"\n    }\n  ],\n  \"subbeams\": [\n    {\n      \"Rendering Time\": \"11934\"\n    },\n    {\n      \"Triangle Intersections\": \"3648889713\"\n    },\n    {\n      \"AS Intersections\": \"1377461346\"\n    },\n    {\n      \"Total Intersections\": \"5026351059\"\n    },\n    {\n      \"Memory Consumption\": \"263400\"\n    }\n  ]\n}", "synthetics/mid_d": "{\n  \"subgrids\": [\n    {\n      \"Rendering Time\": \"17824\"\n    },\n    {\n      \"Triangle Intersections\": \"2405943097\"\n    },\n    {\n      \"AS Intersections\": \"5854257825\"\n    },\n    {\n      \"Total Intersections\": \"8260200922\"\n    },\n    {\n      \"Memory Consumption\": \"1406904\"\n    }\n  ],\n  \"subbeams\": [\n    {\n      \"Rendering Time\": \"18713\"\n    },\n    {\n      \"Triangle Intersections\": \"6484703831\"\n    },\n    {\n      \"AS Intersections\": \"1983305039\"\n    },\n    {\n      \"Total Intersections\": \"8468008870\"\n    },\n    {\n      \"Memory Consumption\": \"1406904\"\n    }\n  ]\n}"}
